{
  "n_errors_total": 1389,
  "n_errors_after_filter": 709,
  "n_excluded_by_filter": 680,
  "min_response_tokens": 20,
  "probe_calibration": "platt_scaling",
  "pei_additive_mean": 0.5201657657181398,
  "pei_additive_std": 0.10513182811577328,
  "pei_additive_median": 0.5236523466234402,
  "pei_multiplicative_mean": 0.2537157637642986,
  "pei_multiplicative_std": 0.11336298086949471,
  "isd_lcs_correlation": 0.12416095141325537,
  "composition_correlation": 0.9447526628885617,
  "isd_correct_mean": 0.6652298712245667,
  "isd_error_mean": 0.5242445646179216,
  "isd_separation": 0.1409853066066451,
  "factual_qa_n": 224,
  "factual_qa_pei_additive_mean": 0.47518550772967394,
  "factual_qa_pei_multiplicative_mean": 0.21117277259926898,
  "reasoning_n": 485,
  "reasoning_pei_additive_mean": 0.5409401529128128,
  "reasoning_pei_multiplicative_mean": 0.27336448545701336,
  "domain_kruskal_h": 48.67328171114818,
  "domain_kruskal_p": 3.0235759340607345e-12
}